<article xmlns:xsi="http://www.w3.org/2001/XMLSchema-instance" xmlns:mml="http://www.w3.org/1998/Math/MathML" xmlns:xlink="http://www.w3.org/1999/xlink" xsi:schemaLocation="https://jats.nlm.nih.gov/publishing/1.3/ https://jats.nlm.nih.gov/publishing/1.3/JATS-journalpublishing1-3.xsd" dtd-version="1.3" article-type="other">
  <front><journal-meta><journal-id/><journal-title-group>
</journal-title-group><issn/><publisher><publisher-name/></publisher></journal-meta><article xmlns:xsi="http://www.w3.org/2001/XMLSchema-instance" xsi:schemaLocation="https://jats.nlm.nih.gov/publishing/1.3/ https://jats.nlm.nih.gov/publishing/1.3/JATS-journalpublishing1-3.xsd"/>-meta&gt;
<permissions>
</permissions></front>
</article>
